,text,date,favorites,retweets,hashtags
0,imagine recycling old game mechanics and calling the last of us 2 an innovative game,2020-06-21 05:19:43+00:00,4,0,
1,imagine making ellie sing a full acoustic cover of take on me and expecting the last of us 2 to be a game of the year contender,2020-06-21 04:49:42+00:00,3,0,
2,imagine a studio expecting their game to be a masterpiece after overworking its devs so much that one of them threatened to leak the game just to get paid,2020-06-21 04:43:58+00:00,10,0,
4,Our love for anime girls actually stems from the greeks who made an entire religion out of a 2D right triangle,2020-06-19 03:12:37+00:00,9,3,
5,"i find it hard to believe that women should wear conservative clothes because revealing clothes are ""easier to remove"" because if men always did the ""easiest thing"" then surely nothing can be easier than just not raping someone.",2020-06-15 05:12:23+00:00,17,4,
6,Sayang that critics of the government are terrorists is the logical equivalent of saying gordon ramsay criticizing food makes him anti-food,2020-06-11 05:14:09+00:00,14,5,
7,im here for a good time not a long time but im not having a good time either,2020-06-10 05:10:52+00:00,27,5,
8,"i know this is hard to fathom, but saying ""go ahead, shoot me"" is not actually valid ground for the police to shoot someone.",2020-06-08 07:35:25+00:00,6,4,
9,me last friday: gets sick cuz didnt get enough sleep on a work night me yesterday: lets play fgo until 5 am on a work night,2020-06-08 03:13:02+00:00,5,0,
10,i conclude that valorant is a game where counterstrike players go to cyberbully overwatch players,2020-06-07 15:20:27+00:00,10,0,
11,"The fact that people dispute the claim ""black lives matter"" or ""men are trash"" proves that the way we use language matters, and that there are very real effects when we say the n-word or make rape jokes",2020-06-05 02:37:59+00:00,6,1,
12,"Why do conservatives get to decide that ""black lives matter"" is an improper use of language but ignoring gender pronouns and using racial slurs are non-issues to them?",2020-06-05 02:36:13+00:00,22,8,
13,cant believe im actually in a position where im worried abt a lot of things,2020-06-02 05:02:17+00:00,10,0,
14,watching free MIT courses is great and all but i keep getting distracted by the fact that their classes have merch,2020-05-29 05:59:38+00:00,9,1,
16,thank u to p5 royal for reminding me that i apparently still have feelings,2020-05-24 16:48:42+00:00,6,1,
17,"listening to old vintage radio songs is fun because the music is chill but every 10 mins or so ur gonna hear a lyric that'll make u go ""yo this is kinda racist/sexist""",2020-05-18 06:58:31+00:00,9,0,
18,being an introvert isnt as fun in quarantine because i dont get to make up excuses to not go to social events anymore,2020-05-11 05:53:16+00:00,9,0,
19,dont leave its my fault,2020-05-09 19:27:32+00:00,5,1,
20,if u didnt get out of ph101-104 without a splitting headache and an existential crisis then u probably didnt get the point of ph101-104,2020-06-25 13:20:28+00:00,3,0,
22,"before: ""we need the support of swing states if we want to forward our policies"" now: ""we need the support of the kpop stans if we want to forward our policies""",2020-06-22 08:15:58+00:00,5,3,
27,my life is coming out to be a bigger nightmare than i originally expected,2020-06-10 03:42:50+00:00,4,0,
28,imagine making a function call just to use the OR operator even haskell is less hassle than excel,2020-06-09 05:19:27+00:00,3,0,
29,i swear to god i cant even do a basic logical operator on gsheets efficiently this software is garbage,2020-06-09 05:17:28+00:00,3,0,
30,time to bring out the deepfakes,2020-06-08 04:48:35+00:00,3,0,
34,i have to do this for myself,2020-05-13 19:54:53+00:00,3,0,
40,imagine having access to so much good anime on netflix and still having shit taste,2020-05-07 18:26:21+00:00,4,0,
41,i hate myself,2020-05-07 06:20:52+00:00,5,0,
42,Dammit he blocked me,2020-05-06 08:14:54+00:00,3,0,
44,u think that if an egocentric rich person exists in real life they would look like tony stark but no they use anime profile pictures and make too many stupid tweets,2020-05-05 06:12:07+00:00,4,0,
46,its just machine learning except that if i fail i'll get fired its not THAT hard,2020-05-04 06:49:43+00:00,4,2,
49,i do not appreciate the amount of time i invested into this project.,2020-04-23 16:13:24+00:00,5,1,
50,hbd immanuel kant u were wrong abt a lot of things but u were at least right in the things that mattered,2020-04-22 07:24:24+00:00,6,1,
51,imagine how cool it would be if we used the P10 million for vaccine research instead of waiting for someone to discover it.,2020-04-21 11:17:18+00:00,8,1,
52,of all the datasets for me to have a hard time preprocessing why does it have to be a pokemon dataset,2020-04-21 10:49:07+00:00,7,0,
53,I really tried my best to enjoy bnha season 4 but i gotta admit it had some bad pacing issues,2020-04-06 12:16:10+00:00,5,0,
54,bunny girl senpai is on netflix now so nobody has an excuse not to watch it,2020-04-05 19:14:27+00:00,6,4,
55,imagine being threatened by someone doing their job,2020-04-02 04:42:35+00:00,4,1,
56,banality of evil in one tweet,2020-04-01 09:40:06+00:00,9,3,
58,at some point u have to start wondering if we have a supervillain as a president,2020-03-30 17:03:52+00:00,4,2,
59,Now do this while dodging 10 different things,2020-03-30 07:51:20+00:00,3,0,
60,duterte is like me during thesis avoiding weekly updates with my advisor because i didnt do anything,2020-03-30 05:54:24+00:00,11,3,
62,if enough celebrities sing during lockdown maybe covid will go away,2020-03-24 06:59:42+00:00,8,2,
64,new fb ui makes me so happy holy shit,2020-03-23 12:25:50+00:00,3,1,
65,"""Dept. of GMA""",2020-03-23 05:59:58+00:00,6,0,
66,Can u imagine how dumb a game would be if it costs same amount of bandwidth as an HD Movie?,2020-03-22 09:08:34+00:00,4,0,
67,"As a dog owner i am now a member of the ""HEY WTF IS IN YOUR MOUTH"" club",2020-03-21 04:36:07+00:00,19,2,
68,my sister restarted her animal crossing save file 6 times because she doesn't like the villagers she was given at the start she is a true minmax gamer i'm so proud of her,2020-03-20 08:24:37+00:00,18,2,
69,Lowkey excited for doom eternal so i can forget abt my problems for like 8 hours,2020-03-18 13:32:02+00:00,3,0,
71,Waking up extra early to unravel one of the many layers of bullshit i got myself into,2020-03-04 23:43:45+00:00,4,1,
72,"the devil works hard, but my alcoholism works harder.",2020-02-27 15:41:50+00:00,4,1,
73,I wasnt super into denzel curry but holy shit UNLOCKED is something else,2020-02-19 13:35:08+00:00,3,0,
74,Whats stronger than trump? Another trump.,2020-02-19 07:10:11+00:00,3,2,
76,Idk how it is i managed to get 3 bottles of soju on 3 different occasions this week but i will not complain,2020-02-07 12:44:33+00:00,3,0,
77,at this point looking confused while wearing a suit is joji's trademark in music videos,2020-02-06 15:32:00+00:00,3,1,
78,What the fuck she grows up?,2020-02-04 10:32:09+00:00,5,0,
79,"Kinda fucked up how ""if i dont get regularized, sure"" is a casual statement coming from me now",2020-02-02 07:32:17+00:00,9,2,
81,EVO Japan 2020 was the leroy show it almost hurt watching HAHAHAHA,2020-01-26 12:00:51+00:00,4,0,
82,if i wanted to spend an entire afternoon micromanaging cells then i would've just played starcraft,2020-01-24 06:00:10+00:00,6,0,
84,Waking up to another day of being alive is easy breezy,2020-01-22 04:40:18+00:00,3,1,
87,This is not easy breezy at all,2020-01-21 05:57:42+00:00,4,3,
88,easy breezy has systematically ruined my life in a week,2020-01-20 13:49:07+00:00,3,1,
89,SQL? Thats easy breezy,2020-01-20 09:12:22+00:00,3,0,
90,There is something wonderful about the irony of a country that puts a premium on white skin worshipping the black nazarene,2020-01-09 16:22:28+00:00,15,5,
94,Decided to apply for CODE because i didnt have anything better to do while waiting for the rain to go away And everyone knows by now that CODE turned my life around,2019-12-31 17:13:58+00:00,29,0,
96,Became a slightly kinder person,2019-12-27 19:08:02+00:00,7,1,
100,"Me as a debate coach: ""I dont have favorite students"" Well clearly fire emblem proved to me that im a fucking liar",2019-12-25 13:28:03+00:00,9,1,
101,Christmas Eve means Christmas anime,2019-12-24 05:11:42+00:00,3,1,
102,is 2 am the optimal hour to tweet sad shit or do i need to wait a bit longer,2019-12-20 17:43:54+00:00,7,0,
103,my entire will to live is based purely out of spite,2019-12-19 05:37:38+00:00,3,1,
104,I'm never gonna be more successful in life than rohan after he beat up a child over fucking rock paper scissors,2019-12-15 03:52:50+00:00,6,0,
105,I'd say i grew in the same way a malignant tumor would,2019-12-14 10:18:34+00:00,3,1,
107,If i could milk the shit out of 6-Box i can milk the shit out of linear regression just watch me,2019-12-12 11:57:44+00:00,3,1,
108,Why does my anxiety manifest itself as insomnia instead of something mildly more interesting like a caffeine addiction,2019-12-12 05:18:09+00:00,9,2,
110,I can keep it up for 9 seconds,2019-12-06 04:59:05+00:00,5,1,
111,The frank inside him is trying to escape,2019-12-06 04:57:07+00:00,3,1,
112,HAHAHAHAHAHAHAHAHAHAHAHAHAHAHAHAHAHAHAHAHAHAHAHAHAHAHAHAHAHAHAHAHAHAHAHAHAHAHAHAHAHA,2019-12-05 04:57:50+00:00,8,1,
113,"How did color of the year go from ""environmental living coral"" to ""plain blue""",2019-12-05 04:51:36+00:00,7,1,
114,"""work from home"" more like ""from home"" amiryt",2019-12-03 06:59:50+00:00,24,1,
115,Why arent mine like this,2019-12-03 03:56:22+00:00,5,1,
118,i may be a failure as a human being but at least i'm not a logistical nightmare like sea games,2019-11-24 06:51:13+00:00,34,7,
119,Someone please fuck me so i can finally die,2019-11-15 12:19:43+00:00,14,1,
120,christmas is the one time in the year when i am legally allowed to be happy im so excited,2019-11-12 16:44:44+00:00,4,1,
121,"As someone in data science, i didnt realize how easy it is to do dev work. U just cry in json and the app will work while you're having a mental breakdown",2019-11-08 07:46:10+00:00,13,2,
123,This child has access to immortal jeans knowledge,2019-11-01 10:56:45+00:00,3,1,
124,Statistics is just epistemology for scienctific research,2019-11-01 10:41:30+00:00,6,1,
125,u think u let go of the ghosts of your past but then all of a sudden theres evidence that epstein didnt kill himself,2019-10-31 11:36:35+00:00,8,4,
126,after almost 15 years steam finally updated its UI,2019-10-31 07:52:12+00:00,3,1,
127,Life needs a dark theme,2019-10-31 00:33:59+00:00,9,1,
128,If i stopped masturbating maybe i will also get 1 million dollars in tax refund,2019-10-30 16:49:46+00:00,3,0,
130,I had 2 good days in a row wtf is wrong w the world,2019-10-29 09:55:02+00:00,7,0,
131,trying to listen to giorno's theme to try and mimic the happiness i felt when part 5 was still airing,2019-10-26 11:34:47+00:00,5,0,
133,Every year isaac makes a tweet abt me passing away and honestly i'm starting to agree with him,2019-10-23 12:18:54+00:00,4,1,
134,Me: Who needs EDA and Preprocessing anyway just train the models ez *Accuracy Score less than 80%* Me: Oh.,2019-10-22 12:39:55+00:00,7,0,
135,i wish i was as good in data science as i am in pretending i'm good in data science,2019-10-15 17:14:32+00:00,4,2,
136,Its ok maxi im just cynical,2019-10-13 07:00:38+00:00,9,1,
137,"Growing up, you start to regret some of the choices you made when you were younger, like getting a tattoo or a piercing. In my case I'm starting to regret having bought so many pairs of joggers and not enough jeans",2019-10-12 06:08:57+00:00,30,3,
138,Minors arent useful in life anyway so only get those if u really like all the classes otherwise just take the electives that interest u the most,2019-10-06 14:05:57+00:00,4,0,
139,Ive come to realize that my existential angst does not come from my unemployment but life just be like dat,2019-10-06 10:18:09+00:00,14,2,
140,Im already employed why am i still debating w people abt philosophy in the comments section of philosophy memes,2019-10-06 05:16:26+00:00,16,2,
141,>someone from work sends me a friend request on fb >i look at the dumpster fire that is my profile filled with shitposts >*shrugs* accept friend request,2019-10-04 10:07:03+00:00,14,1,
142,K tres time to prove that your self study wasnt just playing pretend,2019-10-02 13:53:53+00:00,4,1,
143,im already working all i need now is a dragon maid to become kobayashi,2019-10-01 16:58:45+00:00,4,0,
144,You didn't deserve this. I hope you'll be okay up there.,2019-09-30 17:00:43+00:00,7,0,
145,Didnt think id be going to two this year,2019-09-28 16:33:30+00:00,3,0,
147,ew wtf wholesome tres is back brb i need to kill him off,2019-09-26 15:08:37+00:00,3,0,
150,you start to humble yourself when you come to terms with the fact that minecraft parody song makers will always be more popular than you,2019-09-25 09:39:19+00:00,3,0,
151,things have been going a little too well for me i should fix that by being an alcoholic,2019-09-21 03:36:08+00:00,3,1,
152,u can tell ur getting old when u have a sudden urge to watch the lord of the rings trilogy on a weekend,2019-09-20 10:58:24+00:00,8,0,
153,Look at all this space i have given him and all he does is fuckin laze around in his box,2019-09-19 16:06:14+00:00,12,2,
154,Hbd to this bby girl <3,2019-09-17 12:17:02+00:00,3,0,
155,Its my first time at ippudo and theyre playing someday my prince will come by miles davis theyre winning me over,2019-09-15 06:14:15+00:00,5,0,
156,Wtf is happening,2019-09-14 09:41:09+00:00,6,0,
157,Couldnt focus on my book at cbtl cuz this asshole kept making a scene,2019-09-14 08:58:11+00:00,12,0,
158,whats so special about being born anyway its kinda overrated tbh,2019-09-10 04:55:18+00:00,9,2,
159,My sister's learning her 6th instrument and meanwhile im here tryna figure out what anime i should binge next,2019-09-08 08:34:41+00:00,20,0,
160,My biggest nightmare is being able to explain how gradient boosting and neural networks work but choking when the interviewer asks me to do a basic sql query,2019-09-08 07:02:23+00:00,12,0,
161,I was setting up my instagram acct but instead got a logical contradiction because why would things be normal for me on september,2019-09-08 04:26:58+00:00,7,2,
162,My life has been absolute shit ever since jojo ended,2019-09-07 06:02:55+00:00,4,2,
164,my favorite kind of tea is whiskey,2019-09-06 12:16:51+00:00,12,0,
165,his math is off that was 3 years ago,2019-09-06 12:00:16+00:00,8,0,
166,"Im at cbtl rn, which happens to be in a convenient location because its near a lot of landmarks such as ANOTHER CBTL",2019-09-03 10:30:25+00:00,18,1,
168,if i'm not annoying my family by talking about machine learning algorithms during dinner then I HAVENT STUDIED ENOUGH MACHINE LEARNING ALGORITHMS,2019-08-30 13:20:32+00:00,6,1,
169,When we decided Eid Al-Fitr should be a national holiday we didn't collectively agree that we should convert to Islam for one day so idk why ppl think they stop being Christians when LGBT members are given basic rights,2019-08-30 06:51:06+00:00,28,5,
170,If a coding system based on plate numbers doesn't work then a coding system based on brands won't either,2019-08-30 02:55:52+00:00,3,1,
171,Fuck off https://twitter.com/ImHardcory/status/1166140868966998016,2019-08-30 02:30:34+00:00,12,1,
172,i need to start building up a routine for studying machine learning on my own so every day that i don't read or code i'm gonna punish myself by watching 1 episode of eromanga sensei,2019-08-29 12:15:56+00:00,6,1,
173,at least i can say i'm unemployed by choice,2019-08-29 11:18:22+00:00,7,0,
174,"In all of His infinite wisdom, God gave me anxiety because He knows that without it I could easily beat Him in a rap battle",2019-08-28 07:23:48+00:00,8,2,
175,Im going to a job interview wtf,2019-08-27 22:56:17+00:00,28,0,
176,where is all this stress and anxiety coming from im supposed to be unemployed,2019-08-27 13:13:01+00:00,10,1,
177,we're already living in the most boring version of a cyberpunk dystopia so i may as well dress like i'm from one,2019-08-24 05:17:41+00:00,8,3,
178,this kyoani binge has been the only good thing that happened to me in the last few weeks,2019-08-23 07:45:40+00:00,3,0,
179,"If anyone thinks my cynicism and pessimism are uncalled for just know ive been awake for a total of 4 hours today and in that span of time i've read about the amazon forest, a rapist-murderer, spiderman, and videogame industry layoffs",2019-08-22 08:19:22+00:00,14,1,
180,Real irony is talking shit abt how i want to die everyday but when i actually think im dying i go to a doctor,2019-08-22 03:04:15+00:00,4,2,
181,there's always this one person who i hate so much that even though they say something i agree with i can't help but disagree w them just because they said it.,2019-08-20 05:23:14+00:00,11,1,
182,my first batch of debate kids started college today/last week but i'm still unemployed wtf,2019-08-14 13:49:21+00:00,21,0,
183,im an adult when its convenient to them im a child when its convenient to them,2019-08-14 13:14:14+00:00,12,1,
184,if anyone knows how to fend off 30-50 feral hogs in 3-5 minutes i'm all ears,2019-08-12 16:53:43+00:00,5,1,
185,sometimes i wonder if i'm too cynical about other people's taste in anime but then i see the shit people recommend in subtle asian traits and i feel justified again,2019-08-12 12:44:10+00:00,12,3,
186,that was a great 2 months of doing nothing i think now's a good time for me to get back to work,2019-08-10 13:34:21+00:00,8,0,
187,Bought my hedgehogs cat food instead of dog food because its healthier and cheaper im gonna get them to live to 5 years whether they like it or not,2019-08-10 12:02:14+00:00,10,0,
188,Saying no to divorce is like saying only men deserve second chances,2019-08-10 11:20:10+00:00,9,2,
190,"the word ""data"" is slowly becoming the new ""rational"" which was a get-out-of-jail-free card for people to sound smart without explaining themselves",2019-08-05 07:06:13+00:00,17,5,
191,"""Summa Theologica by Thomas Aquinas"" is a really funny way of spelling ""scratch paper""",2019-08-03 12:03:38+00:00,11,2,
192,I know i shit on kant a lot but if i really think about it descartes was the one who ruined my life first,2019-08-01 12:44:24+00:00,6,1,
193,Gonna watch hobbs and shaw just so i can watch idris elba call himself black superman without cringing,2019-08-01 08:49:18+00:00,4,0,
194,I call this trick Get-Up-At-2pm-And-Not-Do-Anything-Until-10-Because-My-Life-Is-A-Downward-Spiral-Of-Mediocrity,2019-08-01 07:57:13+00:00,11,1,
196,is2g what dp did with the part 5 anime is nothing short of amazing,2019-07-29 05:58:48+00:00,5,1,
197,Well fuck what am i gonna do for the next two years without jojo,2019-07-29 04:20:23+00:00,6,1,
198,Man why did part 5 have to end on an emotional note like that,2019-07-29 04:07:20+00:00,3,1,
199,jojo when,2019-07-28 04:27:38+00:00,3,0,
200,8:30 time to drink,2019-07-27 12:28:54+00:00,7,0,
201,my hobby is drinking in the middle of the day while complaining about problems that could be easily solved if i had a job,2019-07-26 13:54:40+00:00,6,0,
202,"Wherever you are, I hope you're doing okay",2019-07-26 06:14:06+00:00,8,1,
203,How am i even supposed to process this,2019-07-23 15:25:06+00:00,6,0,
204,im walking my hedgehog and i feel like a dad trying to wait for his child to sleep except the child is fucking nocturnal,2019-07-21 15:48:13+00:00,4,1,
205,"Kyoto animation has a special place in my heart for k-on, haruhi, kyoukai no kanata, and dragon maid. 4 shows that changed me for the better. I really hope they get to rebuild soon.",2019-07-18 13:33:25+00:00,9,1,
208,"drinking whiskey through a shot glass at 4 pm is the real meaning of ""home sweet home""",2019-07-17 07:53:32+00:00,5,0,
209,Im finally home i can read hentai in my room again,2019-07-16 19:52:12+00:00,18,2,
211,I got bluelight filter on my phone and bluelight filter on my glasses is2g im prying my eyes out if i still get migraines,2019-07-16 03:08:11+00:00,3,0,
213,Wait fuck im still unemployed,2019-07-15 09:14:24+00:00,17,1,
214,Isko and vico could be the millinnial version of populist leaders and if we don't use our brains every now and then we could be in very big trouble,2019-07-14 05:09:15+00:00,19,4,
215,i haven't finished breath of the wild because i keep making excuses not to play it its fine tho that'll only cost me around 1 year in my speedrun,2019-07-10 05:43:29+00:00,5,0,
216,Im convinced that pharrell williams is just john legend with a hat,2019-07-10 00:43:42+00:00,7,1,
218,When i get a stable job and paycheck i swear to god im gonna change my wardrobe to cyberpunk,2019-07-09 16:06:30+00:00,7,1,
219,At this point why would u play as a male trainer,2019-07-09 04:41:20+00:00,4,0,
220,Use protection,2019-07-09 04:22:55+00:00,7,2,
221,If toys were alive in real life i'd lowkey be afraid because that means all my anime figures watch me masturbate,2019-07-07 17:24:40+00:00,27,2,
222,according to the speedrunners there's this out of bounds skip where i drink a bottle of water while crouch-jumping in the closet to clip through the wall and skip the jobhunting stage completely and be employed this skip would save me 3 months,2019-07-07 09:09:27+00:00,15,2,
223,Now that evangelion is on netflix i need to watch akira before the tv series comes out so i still have something to gatekeep,2019-07-07 02:16:40+00:00,10,2,
225,The best thing abt jet lag is getting 3 am existential anxiety at 12 pm,2019-07-04 20:32:13+00:00,10,1,
226,Good job spiderman far from home for making me almost cry,2019-07-04 02:44:22+00:00,6,0,
228,Straight people asking for straight pride month is like british people asking for an independence day,2019-07-01 16:24:06+00:00,45,10,
229,This monument aged wonderfully,2019-07-01 00:35:36+00:00,8,1,
230,"The shoe store employee called me ""fresh"" after i put them on so i think its working",2019-06-30 22:57:27+00:00,11,0,
231,I believe that weebs will always be more respectable than kpop fans because at least weebs have the decency to be ashamed of themselves for being weebs,2019-06-30 05:53:59+00:00,21,2,
234,Wtf is he gonna do w the tiles,2019-06-28 07:32:59+00:00,5,0,
235,The memes are writing themselves,2019-06-27 09:32:57+00:00,4,1,
236,Sending my hedgehogs to my relatives for 3 weeks because im leaving for a trip soon is this what it feels like to be a father,2019-06-27 06:10:30+00:00,20,2,
237,I must have been a good person yesterday cuz god blessed me with a good night's sleep for once,2019-06-26 07:15:13+00:00,5,1,
240,even netflix couldnt ruin a scene like this,2019-06-24 13:24:57+00:00,3,0,
241,"isnt ""worthy of my grace"" something u normally say to your crushes???",2019-06-23 17:30:50+00:00,3,0,
243,My last 5 or so memes are evangelion memes i truly am a sellout,2019-06-23 08:04:47+00:00,4,0,
245,Apparently shinji's not gay he's just a furry,2019-06-23 00:38:01+00:00,3,0,
247,Idk what spotify did in their new update but i miss not crashing my phone every time i wanted to listen to a different album,2019-06-22 11:46:33+00:00,5,0,
248,evangelion is up on netflix time for literally every normie to misunderstand what its about,2019-06-21 10:23:56+00:00,6,0,
249,Toy Story 4: Beings Toward Death explores the myth of sisyphus surprisingly well,2019-06-20 15:15:16+00:00,8,0,
250,"EA doesnt know that the common reaction after opening a loot box is ""disappointed but not surprised""",2019-06-20 12:35:32+00:00,6,1,
251,Farenheit 451's dystopia also predicted the future's most dangerous creation: the As A Service model,2019-06-20 12:25:08+00:00,5,1,
252,Farenheit 451 is a book that reminds u that ur not reading enough books,2019-06-20 12:22:38+00:00,10,1,
255,Duterte is that one kid who always wins the no talking games in school,2019-06-16 14:08:35+00:00,3,0,
256,https://www.youtube.com/watch?v=YWN81V7ojOE at the end of the day joji is just filthy frank with more budget,2019-06-14 14:52:05+00:00,8,0,
257,>2 hours of sleep >not drinking enough water >is surprised that his brain is failing,2019-06-14 13:28:58+00:00,4,0,
258,this is the hardest i've laughed since graduating,2019-06-13 10:21:33+00:00,3,1,
260,Men in black was just thor ragnarok with no budget,2019-06-12 14:41:50+00:00,11,0,
261,Check youtube u can start laying your eggs by tomorrow if u follow the guide step by step,2019-06-12 11:29:28+00:00,4,0,
262,I COOKED IT AND ITS NOT BAD HOLY SHIT,2019-06-12 06:31:11+00:00,15,0,
263,Postgrad life has been really fulfilling,2019-06-11 19:24:12+00:00,14,0,
264,you wouldnt get much enthusiasm for a C#program in college either sir...,2019-06-11 12:27:19+00:00,4,0,
265,got my ears cleaned and now i wish i hadn't i can't stop hearing the voices in my room,2019-06-11 10:08:46+00:00,3,0,
266,Cloud strife's gameplay is 10x more interesting in super smash bros than in his own remake,2019-06-11 05:39:12+00:00,3,0,
267,Oh my god u can see in the UI that the player is spamming the attack button 10/10 square enix game of the year,2019-06-11 05:20:51+00:00,4,0,
268,FF7 remake proving once again that square enix is allergic to strong attack buttons,2019-06-11 05:14:25+00:00,5,0,
269,Where in human history did we fuck up so badly that we live in a universe where people unironically enjoy old town road,2019-06-11 03:44:00+00:00,6,1,
270,tried socializing w my hedgehog last night and didnt realize my aircon was so cold that it accidentally started her hibernation i guess i really am unlucky with women,2019-06-09 06:06:26+00:00,20,1,
271,Welcome to my unboxing video,2019-06-08 12:45:41+00:00,5,0,
272,"Me: ""so im thinking of making an ig so i can post my blurry photos"" My sister: ""ok so u gotta make a main and a finsta. A main is your main public acct and a finsta is what only your friends can see."" And just like that i dont want an ig anymore",2019-06-08 10:41:43+00:00,16,0,
273,Ohhhh shittt A rat,2019-06-07 15:24:37+00:00,15,2,
274,.... this is my dog,2019-06-07 14:59:54+00:00,9,1,
276,Days without shitting on Kant: 0,2019-06-07 08:19:30+00:00,4,0,
277,Whoever invented morning is a complete dumbass,2019-06-07 02:49:14+00:00,4,0,
280,"""more like funemployed ahahahahahahaha""",2019-06-05 13:59:57+00:00,6,0,
281,Ancient Magus' Bride has made me soft F U C K,2019-06-05 11:32:11+00:00,3,0,
282,i'm unemployed because kant's categorical imperative is stupid as fuck,2019-06-04 10:57:15+00:00,12,1,
283,Oysters are the tequila shots of the ocean,2019-06-02 04:18:45+00:00,8,0,
284,I rode an elevator with billie eilish oh my god,2019-06-02 04:06:03+00:00,25,0,
285,When my dad mentioned to the restaurant i was celebrating he forgot 1) that i was celebrating graduation and 2) my name is not teo,2019-06-01 14:03:11+00:00,52,1,
286,Ive been biting my medal for an hour but i would very much like to bite regular food,2019-06-01 12:57:25+00:00,3,0,
288,FUCK I'M GRADUATING ON A CLIFFHANGER,2019-05-31 19:03:19+00:00,4,0,
289,the best way to end college is to stay up for the next jojo ep before grad,2019-05-31 16:11:21+00:00,6,0,
290,my sister dyed her hair blue and she looks like billie eilish and im trying not to laugh,2019-05-31 10:51:05+00:00,10,0,
292,I had a nightmare i bought 3.2k pesos worth of 7-11 and i couldnt pay to commute going home,2019-05-31 06:16:44+00:00,13,1,
293,Why am i awake i want to go back to sleep,2019-05-31 01:32:10+00:00,3,0,
294,"Me, crying: KOJIMA I CANT UNDERSTAND A WORD YOU ARE SAYING",2019-05-30 12:42:17+00:00,7,0,
295,@EaaarlyBoi welcome to the persona life,2019-05-30 11:57:47+00:00,3,0,
296,"""him or her"" lol what a loser Real intellectuals use singular ""they""",2019-05-30 09:07:22+00:00,15,2,
297,only kojima could get away with naming a character die-hardman in a serious videogame,2019-05-30 05:35:42+00:00,4,0,
299,Hes so lazy but im still so in love,2019-05-30 04:11:22+00:00,15,1,
300,I would very much like to get to ateneo before blue roast ends,2019-05-29 10:44:35+00:00,4,0,
301,entered college as a piece of trash now im leaving it as a dumpster fire,2019-05-29 07:58:57+00:00,13,1,
303,Graduation is 3 hours of sitting down and 1 hour of standing up,2019-05-27 11:34:26+00:00,8,0,
304,Me: I'm scared of lazy meme formats Therapist: why Me: it was funny the first time but now it's boring,2019-05-27 09:23:16+00:00,7,1,
305,havent left my house in 50+ hours you don't know how happy i am rn,2019-05-26 07:43:06+00:00,7,0,
307,Jojo stands are just pokemon but sexy,2019-05-23 05:33:11+00:00,3,1,
308,I started shirobako expecting anime: the anime but instead i got project management: the anime and i have never been more satisfied,2019-05-23 02:03:55+00:00,4,0,
311,My sister really wore sneakers under her gown to ball we truly are related,2019-05-22 11:45:56+00:00,13,1,
312,Im abt to smuggle a bottle of whiskey on a bus to subic shh everyone dont tell the police,2019-05-19 23:47:55+00:00,7,0,
313,What day is it,2019-05-17 06:17:35+00:00,6,0,
314,u dont hope because u want to but because u have no choice but to hope,2019-05-14 15:13:54+00:00,13,0,
315,Whoever invented business formal is an idiot,2019-05-14 07:49:35+00:00,5,0,
316,who the fuck is cynthia villar,2019-05-14 06:11:13+00:00,5,0,
317,The system is so fucked at this point that they dont even try to act like they're not cheating anymore,2019-05-13 11:11:20+00:00,25,1,
318,when they told me to be excited about the future i was thinking flying cars not installing software updates on my television,2019-05-13 06:20:04+00:00,11,1,
319,I didnt even know lito lapid was alive let alone running for senator,2019-05-13 03:34:12+00:00,8,1,
320,Wow check out tres yap w dat senti tweet #codeserves lol,2019-05-12 14:30:29+00:00,34,0,#codeserves
322,the first thing i want to do in the afterlife when i die is punch immanuel kant in the face,2019-05-09 08:30:23+00:00,9,1,
323,After 3 years of messing things up I finally got something right.,2019-05-08 05:24:13+00:00,43,0,
324,The secret to living a happy life is to tell urself ur fine being alone then getting ur ass kicked by ur repressed desires in ur dreams 10/10 u get something new every time,2019-05-05 05:08:07+00:00,4,1,
325,i had a touching reunion with anime now that the sem is over,2019-05-03 15:05:41+00:00,4,2,
326,The nightmare that is the last 4 years is almost over,2019-05-03 03:12:27+00:00,18,1,
327,Finally watched endgame before seeing any spoilers tyg,2019-04-30 12:14:32+00:00,5,0,
328,I want to thank cup noodles for being the only thing keeping me warm in the evening,2019-04-29 13:22:27+00:00,7,0,
329,I was an INTP before college but when I took the test again I became an INFP which means college made me stop thinking,2019-04-29 03:47:31+00:00,25,2,
330,Dont care as long as theres still alcohol,2019-04-27 07:49:48+00:00,3,0,
331,Who do u think i am of course im not above drinking alone at 3 pm,2019-04-27 06:44:50+00:00,11,0,
332,What a pleasant surprise its alcohol,2019-04-26 16:13:03+00:00,11,0,
333,https://www.youtube.com/watch?v=GpDWWwIhMc8&amp;fbclid=IwAR2Pdh8BkjEl8wUhb5a9KFLc3OeFgRf6otWlMFav5PBRhIkMQvMYgG0v7ek WHY IS THERE SO MUCH NEW STUFF,2019-04-24 13:51:00+00:00,4,0,
334,U DONT KNOW HOW MUCH THIS MEANS TO ME,2019-04-24 13:49:14+00:00,4,1,
335,"80% of philo is me saying ""wdym im supposed to interpret this text on my own???""",2019-04-24 11:21:48+00:00,5,1,
336,fuck u if u think my alcoholism is gonna become a problem one day because ur right,2019-04-22 17:19:55+00:00,11,3,
337,What matters is i got through college without becoming a hikikomori,2019-04-22 07:23:15+00:00,7,0,
338,I NEVER ASKED TO BE BORN IN AN UNFORGIVING AND MEANINGLESS EXISTENCE MY BACK HURTS FML,2019-04-21 13:33:41+00:00,15,0,
339,my back hurts again so if anyone sees me shouting about how i never asked to be born in an unforgiving and meaningless existence just politely nod and walk away,2019-04-21 13:22:51+00:00,8,1,
340,"You want a whore, buy one. You want a queen, earn her.",2019-04-20 06:24:20+00:00,9,0,
341,Can someone explain to me why elon musk is using edward elric as his dp,2019-04-20 05:56:27+00:00,7,0,
343,Shazam was actually really good wtf,2019-04-13 08:07:06+00:00,8,0,
344,I was looking through my old cabinets and i just happened to come across a bottle of whiskey i hid a year ago life is very good rn,2019-04-12 17:38:13+00:00,3,0,
345,i have nothing to do rn so obvs the right thing to do is complain about how bored i am,2019-04-12 03:25:32+00:00,3,0,
347,And after working with so many people I am a much kinder person today than I was last Friday,2019-04-07 13:40:44+00:00,17,0,
348,UNBELIEVABLY EZ DID IT W MY EYES CLOSED PIECE OF CAKE WALK IN THE PARK,2019-04-07 13:17:45+00:00,6,1,
349,Idk whats harder to do in life staying awake or staying alive,2019-04-03 20:01:07+00:00,5,0,
350,At what point in my life did i think that a philo minor was a great idea,2019-04-02 07:30:54+00:00,6,0,
352,there are some assertions we continue to tell ourselves even though we have no way of proving if they are true such as God loves us We are safe from an earthquake and I am perfectly capable of doing tail recursion on LISP,2019-04-01 13:23:57+00:00,3,0,
353,Every day is april fools if ur whole life is a joke,2019-04-01 02:57:40+00:00,3,0,
354,i stay in my dorm for a week and all of a sudden the cockroaches get complacent and violate the rules of sovereignty by entering my room from the CR This is a declaration of war and i will not be afraid to use chemical warfare,2019-03-28 13:19:51+00:00,12,1,
357,incredibly thankful for a lot of people but they're never gonna hear it from me,2019-03-24 14:41:56+00:00,6,0,
359,Wtf is this iphone shit doing on my s8,2019-03-20 06:29:19+00:00,3,0,
360,that was a horrible weekend,2019-03-17 02:53:43+00:00,3,1,
361,How is it that I keep getting sick on days when I plan to go out drinking,2019-03-15 00:39:24+00:00,4,0,
362,nietzsche is wild af but i'll take any opportunity to shit on kant,2019-03-14 13:11:45+00:00,7,0,
363,I love optimal playthroughs,2019-03-13 15:40:29+00:00,3,0,
364,making a write up sux gdi,2019-03-13 14:46:09+00:00,7,0,
365,My sisters teacher told her i was partly right about the russian revolution but am wrong about animal farm not being about capitalism How the fuck is animal farm supposed to be about the russian revolution and not be about communism AT THE SAME TIME,2019-03-12 09:08:37+00:00,10,0,
368,"after i finished ranting to my sister about how her paper on animal farm is wrong and so is the way her teacher is teaching animal farm, i feel 50% cooler",2019-03-11 13:05:40+00:00,17,0,
370,i make depressing tweets at 3 am because i want to avoid social interaction but at the same time make a cry for help,2019-03-06 19:43:47+00:00,21,0,
373,fuck nvm i was just kidding pls do not bring it so hard,2019-03-01 17:15:17+00:00,4,0,
378,some nights u just want to strangle urself with ur own mouse cable,2019-02-25 14:56:38+00:00,3,1,
379,That was fucking hardcore,2019-02-23 10:38:00+00:00,3,1,
380,we've had classes for exactly one month but it feels like i've lived the same nightmare for 20 years,2019-02-21 12:51:17+00:00,7,0,
384,career fair is this week i have 0 job security but i'm still trying to figure out how i can breathe through my nose again,2019-02-18 13:53:44+00:00,3,0,
385,my sister sent me this idk how i should feel about my reputation in the family,2019-02-17 10:33:38+00:00,10,0,
386,oh frameworks how i've missed you,2019-02-17 05:13:53+00:00,3,1,
388,Speech generator broke,2019-02-15 00:45:28+00:00,3,0,
389,"Singing child in the elevator: ""Today is friday, today is friday, all day long. Yesterday was wednesday, tomorrow is saturday-"" Me, with an Ateneo education: Actually yesterday was Thursday",2019-02-15 00:32:14+00:00,8,1,
390,Happy birthday to this ouch mouse that happens to be my best friend by default,2019-02-14 15:55:28+00:00,16,0,
392,I actually quite liked today,2019-02-14 10:38:35+00:00,6,0,
393,Food from a wall holy shit that minimizes my social interactions w people this is gr8,2019-02-13 12:34:10+00:00,6,0,
394,Finally got over it im listening to normal people music again,2019-02-08 09:04:44+00:00,4,0,
395,Im at the highschool and suddenly i am starting to feel my age,2019-02-08 07:02:51+00:00,4,1,
397,damn gurl are u a TF-IDF because u have a lot of features someone euthanize me,2019-02-06 15:03:37+00:00,3,0,
398,"Actually thought i was listening to under pressure until i hear ""ice ice baby""",2019-02-05 10:55:58+00:00,3,0,
399,Normies ruined the airpod meme in a record time of one week now its just a bunch of losers taking pictures of their sports car,2019-02-05 07:39:22+00:00,7,1,
401,College is cramming work while also trying not to ghost your family by joining family trips,2019-02-04 08:36:22+00:00,26,0,
402,NO IT DID NOT,2019-02-04 03:24:21+00:00,3,1,
404,"""Theres this one time i made it to top 10 using just a pan"" Who the fuck is my sister and why have i never met this side of her",2019-02-02 16:30:12+00:00,7,0,
405,Just found out my sister plays pubg on mobile and shes actually rlly good at it. I hate battle royales but im strangely proud of her.,2019-02-02 16:28:01+00:00,9,1,
407,The only thing worse than acoustic covers of pop songs are reggae covers of pop songs.,2019-02-02 05:06:31+00:00,3,0,
408,How i'm still in cs with 0 proficiency in coding is the real mysterium tremendum,2019-02-02 04:02:09+00:00,10,0,
409,The massage made me realize most of my back pain is actually a problem of my attitude That or i really need a chiropractor,2019-01-29 08:49:53+00:00,3,1,
410,The best way to appreciate ricoeur is to torture yourself by reading other philosophers first and then realize ricoeur writes really well.,2019-01-29 08:21:52+00:00,7,1,
413,only in ateneo do i have a world view in one semester completely undermined in the next one,2019-01-28 05:05:49+00:00,3,0,
415,Back pain is just a state of mind if i just thought about being a nice person for more than 5 seconds i bet my pain would disappear,2019-01-23 13:25:03+00:00,4,0,
416,Its fine because even if i got a haircut no amount of grooming can fix the trash that is my personality,2019-01-22 12:49:20+00:00,4,1,
419,Sarcastic Verbal Abuse is my love language,2019-01-21 11:04:59+00:00,3,0,
421,"""What I think, Sakuta-kun, is that life is here for us to become kinder. I live life every day hoping I was a slightly kinder person than I was the day before.""",2019-01-20 12:58:10+00:00,21,2,
422,Like dicks i think not all fries taste good soggy,2019-01-16 00:46:26+00:00,4,0,
423,i'm upset because i have to return to the real world tomorrow,2019-01-15 11:14:12+00:00,4,0,
425,Does my back hurt because I am outside or am I just complaining because I am outside,2019-01-14 03:40:40+00:00,3,0,
426,"I may have sucked at debate, but at the very least I taught my kids to always be respectful to their opponents no matter how passionate they feel. It kinda sucks not being given the same basic respect in kind.",2019-01-13 13:58:13+00:00,20,0,
428,LOL THEY KEPT IT IN,2019-01-12 11:32:08+00:00,4,0,
431,2019 na but im still here trying not to accidentally write 2017 when i fill up forms,2019-01-06 13:46:11+00:00,3,0,
433,When u catch ur girl sleeping,2019-01-05 12:17:44+00:00,11,0,
436,Idk if i'm complaining cuz my back hurts or my back hurts cuz i dont stop complaining,2019-01-04 03:46:59+00:00,7,0,
439,I'm tired of fresh starts this 2019 i'm cleaning up my mess and picking up from where i left off,2019-01-01 03:39:23+00:00,5,0,
440,Hey guys be sure to catch my Bandersnatch Speedrun we're gonna try to break the world record tomorrow.,2018-12-31 17:58:17+00:00,5,0,
446,Everyones losing their shit on bandersnatch but when i play a visual novel i get called a weeb wtf guys,2018-12-29 01:06:15+00:00,587,120,
456,INO's jokes suck,2018-12-22 14:12:12+00:00,3,1,
457,To counteract my trash personality I need a redeeming character trait so I have decided that I will learn how to play the guitar or how to cook,2018-12-22 14:09:01+00:00,14,0,
460,"This isn't a sign that we should be proud, it's a sign that the rest of the world should be ashamed of themselves.",2018-12-20 04:45:35+00:00,29,2,
461,i went from 0.02 away from DL to 0.01 away from DL,2018-12-19 05:34:19+00:00,25,0,
462,Into the Spiderverse is my new favorite Spiderman movie and that's not just because they had an anime girl spiderman,2018-12-18 09:07:40+00:00,12,0,
464,Startin to feel the spirits of christmas,2018-12-16 07:17:59+00:00,7,0,
468,gr8 now that my paper has been submitted the semester is officially out of my control,2018-12-13 13:34:46+00:00,4,0,
469,it's been 4 hours and i've already increased the font size of my paper by 0.5 in an effort to reach 3 pages,2018-12-13 09:50:09+00:00,13,0,
470,maybe i should do my paper,2018-12-12 14:15:20+00:00,3,0,
471,Hehe failed the final,2018-12-10 05:55:47+00:00,7,0,
473,kinikilig ako whenever i see my hedgehog gdi i love her so much,2018-12-09 18:02:54+00:00,9,0,
474,"""Whats december without christmas eve"" A december w only 30 days obviously this song is bad",2018-12-09 11:44:32+00:00,7,0,
475,This is like the 5th time in the last hour they played michael buble's version of santa claus is coming to town,2018-12-09 11:20:11+00:00,4,0,
476,My stuff didnt get stolen,2018-12-09 10:40:43+00:00,10,1,
477,Cuz next year none of the corals arent gonna be living,2018-12-06 12:30:51+00:00,5,0,
478,For the first time ever the next step for our thesis is not to change topics i am genuinely happy for once,2018-12-06 10:22:16+00:00,17,0,
479,@mikeejazmines You are officially banned from entering my condo,2018-12-06 02:45:33+00:00,6,0,
480,This describes my mental state rn,2018-11-30 23:54:47+00:00,12,0,
481,If UP wins finals they get to have our KFC katipunan branch If UP loses they get to have our KFC katipunan branch just pls get rid of it,2018-11-28 14:21:41+00:00,26,2,
482,Having lunch with my waifu <3,2018-11-21 05:58:09+00:00,19,2,
483,> accidentally takes a 3 hour nap > doesnt work entire day > blames society for my stressful schedule,2018-11-20 14:15:17+00:00,6,0,
484,"Tito: ""tres hows your love life"" Me: ""oh haha walang progress as usual"" T:""ok lang yan it will pass and u'll find someone"" M:""...y-yeah haha"" *hides all my pictures of hanekawa tsubasa*",2018-11-18 11:37:23+00:00,6,0,
485,She sat like a dog my heart skipped a beat,2018-11-17 10:37:12+00:00,12,1,
486,The outside world kinda sucks when you forget to bring your earphones,2018-11-16 12:16:14+00:00,8,0,
487,AAAAHHH IM SO HAPPY IS THIS WHAT LOVE FEELS LIKE,2018-11-15 11:14:17+00:00,9,0,
488,Ideal relationship is my gf understanding my love for anime and waifus But ideal and optimal relationship would be just the anime and waifus,2018-11-15 03:18:35+00:00,6,0,
489,There is nothing more normie than using memes as marketing,2018-11-14 06:33:45+00:00,3,1,
490,"move over 6-box, gap analysis is my new lover",2018-11-13 13:53:37+00:00,8,0,
491,saturdays used to be my rest days but now it just feels like i'm running away from work when i don't do anything,2018-11-10 14:54:42+00:00,15,1,
492,this is the best version of this meme yet,2018-11-09 13:21:49+00:00,4,0,
493,K-On is ruining my life i hate this,2018-11-09 06:04:10+00:00,6,0,
494,my hedgehog bit my hand yesterday do i become hedgehog man now,2018-11-05 12:34:41+00:00,10,0,
495,Hell yes if this isnt my lowest point so far then idk what is,2018-11-05 03:56:48+00:00,3,0,
496,U dont do anything but why are u still cute,2018-11-04 10:25:27+00:00,6,0,
497,Everyone shitting on xmas for becoming consumerist as if they staged 5 marxist revolutions this year,2018-11-04 05:10:43+00:00,8,0,
498,Ok spirits im gonna work today so if u wanna haunt me do your part and help me with the RRL,2018-11-01 04:05:22+00:00,7,0,
499,Time to stop nutting for no nut november,2018-10-31 17:41:28+00:00,5,0,
500,A day where nothing went wrong is this what its like to be happy,2018-10-29 11:31:51+00:00,4,0,
501,Everyone's playing Red Dead and I'm still Very Dead in acads,2018-10-27 06:09:10+00:00,6,0,
502,"""Superiority complex"" isn't even an exclusive problem to begin with. Students don't become assholes after philo, they were just assholes to begin with. But to say philosophy does not at least attempt to fix that isn't fair.",2018-10-27 05:03:26+00:00,4,1,
503,"I accept that maybe we can do better to inform people before they enroll into ateneo that they are going to take a lot of core subjects But ""then you shouldn't have enrolled in the first place"" is an argument that doesn't come from moral/philosophical superiority",2018-10-27 04:59:35+00:00,4,1,
506,I get by with a little help from my friends,2018-10-24 06:04:21+00:00,19,0,
507,fuck my lips are so dry that when i tried smiling they cracked ive reached the point where happiness physically hurts me,2018-10-23 15:52:51+00:00,29,1,
508,i get turned on by journal articles i can download for free,2018-10-23 04:23:28+00:00,27,4,
509,"""on a biological basis that is clear, grounded in science, objective, and administrable"" Im sorry but when has the Trump administration ever done anything clear, grounded in science, objective, and administrable?",2018-10-22 12:54:01+00:00,3,1,
510,What the fuck is elon musk even doing now,2018-10-22 10:29:29+00:00,5,0,
511,drinking on a worknight? Oh my tres is this 2017?,2018-10-21 13:54:47+00:00,3,0,
512,Never not sharing this,2018-10-21 06:02:53+00:00,13,3,
513,one of my best friends is taking the nmat rn and now all of a sudden im nervous for the nmat too,2018-10-21 04:24:10+00:00,7,0,
514,"""every time i close my eyes, wake up feeling so horny"" gdi jojo its stuck in my head",2018-10-20 05:33:43+00:00,4,1,
515,Why im at lawson w earl decena is beyond me,2018-10-19 16:46:06+00:00,7,0,
516,DAMMIT TRES WHY DID YOU MAKE AN ANIME POSE,2018-10-19 11:25:07+00:00,58,0,
517,Tres whatever you do dont make an anime pose,2018-10-19 06:25:01+00:00,12,0,
519,Just wanted sleep but no im playing hide n seek with my dumbass hedgehog all night,2018-10-17 17:42:01+00:00,3,0,
520,im rebranding back to jeans i dont wanna graduate as the joggers kid,2018-10-17 14:39:38+00:00,10,0,
522,Actually yeah lets try no nut november this will be ez i just cant nut,2018-10-17 12:33:38+00:00,5,0,
523,Im torn between making an anime pose and not losing any friends after my grad photoshoot tomorrow,2018-10-17 12:23:11+00:00,5,0,
524,At what point in the year did i suddenly decide to be responsible and why do i still feel like a loser for using siopao as a hot compress,2018-10-15 15:01:36+00:00,3,0,
525,Nepotism has gotten so undemocratic that it actually became democratic because we can choose which Binay we hate more,2018-10-15 11:57:24+00:00,4,0,
526,im sorry 6-box but i think we should start seeing other people,2018-10-14 15:20:18+00:00,5,0,
527,officially done with party music for a month the only songs i want blasted in my ear are anime theme songs,2018-10-14 03:12:47+00:00,4,0,
528,">hated bakugo for his guts in season 1-2 >saw a part of myself in bakugo in his arc in season 3 >realized that i didnt hate bakugo, i hayed myself",2018-10-13 13:49:33+00:00,13,0,
529,I'm not usually a petty person but to the couple I saw making out last night I hope you're both hungover as fuck right now,2018-10-13 01:42:20+00:00,9,1,
535,honestly the real reason my thesis is hard is because stuart fucking little hit my head with a toy car when i was 5,2018-10-11 13:40:54+00:00,4,0,
541,Aw tres when did u become a weakshit cant even handle less than 4 hours sleep anymore,2018-10-09 04:29:00+00:00,3,0,
542,ok tres phantom thief mode on its time for life to change,2018-10-08 14:07:38+00:00,3,0,
543,finally got to the episode when deku figures out how to use his legs and it's one of the most stupid and exciting plot twists i've ever seen,2018-10-06 09:00:02+00:00,7,1,
544,Ok lets make a list of the positive things that happened in this administration: ...well the sona made me laugh so i guess that kinda counts,2018-10-06 04:43:29+00:00,3,1,
546,Ppl are saying it sux that james gunn got judged for tweets he made 10 years ago but fuck it im going all in i mean everything i said except that one time i made fun of the nintendo switch,2018-10-03 15:33:05+00:00,3,0,
547,my favorite hobby is being too lazy to buy toothpaste so i have to make out with my toothpaste tube to suck out what little paste i could get to brush my teeth,2018-10-03 15:09:26+00:00,9,0,
549,"Friend: ""Which talab talks are you enlisting in"" Me: ""oh ryt i was just planning to not go to school on talab""",2018-10-02 12:23:28+00:00,10,0,
552,I feel like shit so to feel accomplished im listening to a dad helping his son with grade 5 math and im answering their problems in my head,2018-10-01 12:19:15+00:00,5,0,
554,talking shit like i'm gonna do all my work today but let's be honest we all know i'm just going to masturbate to bowsette,2018-09-29 02:04:08+00:00,9,0,
555,Using my sisters old mac and its slow af so i tried to clean it by deleting videos but then i found the entire season 1 of legend of korra guess im not working anymore,2018-09-27 15:24:20+00:00,4,0,
556,The naruto of my childhood was death note how are you still surprised that im edgy,2018-09-27 14:02:13+00:00,3,0,
557,we've had history and philosophy then we had the history of philosophy and then we had the philosophy of history then we had the philosophy of the history of philosophy but now prepare yourselves for the history of the philosophy of the history of philosophy,2018-09-27 10:31:01+00:00,4,0,
558,Bowsette is such a stupid meme but i want more,2018-09-27 07:03:29+00:00,3,0,
559,Seeing how far you can walk during the drum roll before the national anthem should be a national sport,2018-09-27 01:23:59+00:00,33,5,
561,ive become a machine of capitalism im downloading extensions to boost my productivity,2018-09-26 02:15:37+00:00,4,0,
562,laptop: *exists* and just like that 20% of my battery is gone,2018-09-24 12:51:20+00:00,14,1,
566,We've reached a point in our culture where the act of calling something normie is normie in of itself,2018-09-22 06:58:46+00:00,4,0,
567,Im gonna make a Transformers spinoff called Semiotobots: Meaning in Disguise,2018-09-22 05:24:59+00:00,5,0,
569,if i wore joggers the way sora wears them i would get bullied in school,2018-09-22 00:30:09+00:00,3,0,
570,"Plato said it was bad to be a slave of my own desires, but he never said anything about being a slave of your desires ;)",2018-09-21 13:56:57+00:00,6,0,
571,The only martial law i love is the one from tekken,2018-09-21 04:54:39+00:00,21,3,
573,"nas daily is fun because i never know if his videos make me feel off because he's unknowingly reducing harsh social problems to things u can solve by ""being positive"" OR because i'm just a jaded fuck that hates seeing optimistic people",2018-09-19 16:03:55+00:00,4,0,
574,I love kingdom hearts from the bottom of my heart but why do they keep calling it a keyblade if they are fighting using the blunt side of the key,2018-09-18 08:08:01+00:00,4,0,
576,solid took me 10 minutes to find out i spelled textOriginal as textOrigiinal good to know i'm still a great programmer,2018-09-17 14:48:37+00:00,6,0,
577,i plotted my most used words in my last 100 fb posts and i don't like this class anymore,2018-09-17 13:37:30+00:00,10,1,
578,Tres falls asllep in the library for 2 hours and only starts installing packages w obf right now,2018-09-17 11:17:24+00:00,6,0,
579,>mandatory masturbation tweet of the week,2018-09-17 09:13:51+00:00,11,0,
580,Tres yap crams his paper and blames obf's incompetence for his own incompetence,2018-09-17 07:11:03+00:00,15,1,
582,I cut a hole in your box so you could exit when you need to eat not bring the whole damn box with you like a confused turtle,2018-09-14 12:48:11+00:00,16,0,
583,Fuckin barthes i cant even eat a steak without thinking about mythologies,2018-09-14 11:55:43+00:00,6,0,
584,Omg bahang baha na dito sa ateneo wtf is this typhoon,2018-09-13 05:18:33+00:00,22,0,
585,cs students learn that they can't always rely on a computer and must think mathematically to do data science,2018-09-12 14:45:51+00:00,12,0,
587,me before college: i hope it suspends me 1st year - 3rd year college: i hope it doesnt suspend hassle sa requirements me 4th year: i hope it suspends,2018-09-12 02:42:31+00:00,24,6,
588,is this why he likes quick fucks,2018-09-12 02:25:38+00:00,4,0,
590,"Refer to my previous tweet about president doing ""nothing""",2018-09-11 06:06:31+00:00,12,1,
591,to everyone who greeted me thank u so much i will give u a shoutout in my fortnite stream,2018-09-10 14:21:47+00:00,11,0,
592,back in 2016 i was confident that duterte wouldn't do anything good now i realize he just doesn't do anything,2018-09-10 13:32:50+00:00,10,0,
595,Twitter is the only place where i am safe from birthday greetings i need to reply to,2018-09-10 00:51:56+00:00,20,0,
597,Im a sick fuck i like a quick fuck Im a sick fuck i like a quick fuck Im a sick fuck i like a quick fuck Im a sick fuck i like a quick fuck Im a sick fuck i like a quick fuck Im a sick fuck i like a quick fuck Im a sick fuck i like a quick fuck Im a sick fuck i like a quick fuck,2018-09-08 13:43:03+00:00,8,1,
599,"""Dying is not the goal. The goal is dead.""",2018-09-07 15:10:04+00:00,5,0,
602,Most important thing i learned in social computing today is i should stop talking about masturbation on twitter Im not stopping btw,2018-09-06 07:23:07+00:00,15,1,
605,Larry Gadon blowing up is proof that normies don't know how memes work Therefore yes it is justified for me to shit on normies and be 'elitist' about it,2018-09-02 07:38:48+00:00,7,0,
606,I finished reading a book i havent done that since highschool i feel accomplished,2018-09-02 03:56:30+00:00,14,0,
607,u can tell ur in college when ur dads tryna prank u with horror noises in a hidden speaker and u just walk into the room thinking if the ghost is gonna bother me while i work they better explain to my profs why i didn't finish my damn readings,2018-09-01 16:52:39+00:00,21,0,
608,"My dumbass forgot that ""whenever i see girls and boys and the girls and boys see me"" is wrong",2018-09-01 06:11:25+00:00,14,2,
610,"In CODE, we love working; but not as much as we love working with a smile #ItCouldBeYouth",2018-08-30 14:25:31+00:00,30,9,#ItCouldBeYouth
611,I know i could always rely on OBF wifi for deleting half my progress,2018-08-30 04:14:33+00:00,4,0,
613,Studying philosophy Advantages: can laugh at philosophy memes Disadvantages: existential dread,2018-08-23 14:16:34+00:00,28,6,
615,I can describe bitcoin in 2 words: pull out,2018-08-18 12:32:32+00:00,4,1,
616,Me during sex: hurt me Her: im not real Me: what Her: im an anime girl and youre staring at a computer screen Me: stop,2018-08-18 04:04:55+00:00,90,12,
619,My life is a procedurally generated nightmare,2018-08-14 23:41:47+00:00,4,1,
621,Rlly wish i could be u,2018-08-12 04:38:12+00:00,12,0,
624,Mission Impossible was gr8 ive never been more excited watching tom cruise run for 10 straight minutes maybe close second to watching leonardo di caprio crawl for 1 hour in revenant,2018-08-06 06:14:28+00:00,6,0,
625,Language sux,2018-08-05 06:30:18+00:00,3,1,
627,Do urself a favor and never get sucked into an mmorpg,2018-08-04 17:53:00+00:00,6,0,
628,Life would be so much easier if i wasnt s2pid,2018-08-03 01:06:37+00:00,4,2,
629,enlisting for a philo elective sucks because i'm always torn between asking which schedule is good and which dead person do i want to study,2018-08-01 02:31:28+00:00,8,1,
630,Cant w8 to kiss my elective goodbye because im batch 2 and i know that theres gonna be this one nutfuck who didnt advise thats gonna take my slot,2018-07-31 12:46:01+00:00,11,0,
633,You win this round elon musk,2018-07-31 06:48:55+00:00,3,0,
634,Almost forgot,2018-07-30 04:17:01+00:00,5,0,
636,The problem with metro manila traffic is that having a 1 hour meeting takes 4 hours,2018-07-28 13:23:48+00:00,4,0,
637,UNITED STATES OF SMASH HOLY SHIT,2018-07-27 14:41:43+00:00,3,0,
640,Fuck 1 1/2 hours stuck in traffic i could finish all 5 seasons of space patrol luluco in that time,2018-07-27 11:18:02+00:00,3,0,
641,Fuk batman,2018-07-27 09:38:09+00:00,3,0,
643,I never thought i would get so hyped while hearing someone shout detroit smash,2018-07-26 14:46:27+00:00,5,0,
646,As if fortnite didnt already take everything away from the internet community now they gotta own ligma too smh,2018-07-26 00:36:24+00:00,3,0,
649,Fuck batman,2018-07-23 10:20:09+00:00,3,1,
650,Shoutout to my boi bong go,2018-07-23 09:47:20+00:00,8,0,
651,"""Youre concerned about human rights. I'm concerned about human life."" fuckin nobel peace prize winner right here",2018-07-23 09:27:45+00:00,20,3,
653,Excel is just a boneless 2d array,2018-07-21 04:56:28+00:00,8,0,
657,There are some harsh realities in life that people don't need to experience to learn about. The real problem is that we really need to start reevaluating what kind of realities students have to experience in a school-sanctioned program like NSTP.,2018-07-20 08:56:22+00:00,31,5,
659,Fuck batman,2018-07-20 03:08:34+00:00,5,0,
660,20 years without sex: Do girls have hearts in their eyes during sex irl like in hentai?,2018-07-19 00:57:47+00:00,29,2,
663,Spiky pancake has officially replaced everyone as my best friend,2018-07-17 03:55:28+00:00,13,0,
664,Im at ramen nagi and theyre playing hare hare yukai why are they doing this to me,2018-07-15 13:25:13+00:00,4,0,
665,huh thesis whats that,2018-07-14 05:28:59+00:00,4,1,
667,7 STRAIGHT ROUNDS WALANG ERROR ITS ALIVE,2018-07-13 06:12:29+00:00,3,1,
670,Yeah dude thats what i said too when my friends told me to start taking better care of myself,2018-07-12 11:36:09+00:00,8,1,
671,First time i wore a bright colored shirt in about 4 months damn it actually feels nice,2018-07-12 10:47:10+00:00,3,0,
673,Teaching my laptop how to interact with software as a productive human being and its already doing better than me,2018-07-11 07:07:57+00:00,6,0,
675,Fortnite > realm royale be sure to catch me on my stream tonight for every donation i get im doin a free vbucks giveaway,2018-07-09 04:08:14+00:00,7,0,
676,Talked about taking masters with my mom for 2 minutes and all of a sudden she planned out the next two years of my life chill mom i was just thinking about it,2018-07-09 04:06:08+00:00,16,0,
677,adult life is forgetting you had a tab open for porn because you needed to spend 10 minutes replying to a work email.,2018-07-08 16:10:55+00:00,9,0,
678,I get by with a little help from my friends,2018-07-08 13:15:33+00:00,5,0,
679,Tbh itd be so fun if pduts declared martial law because so many people in edsa would get arrested for being stuck in traffic past curfew,2018-07-06 07:56:04+00:00,4,0,
682,Time to bring back that fortnite stream,2018-07-05 10:36:32+00:00,3,0,
683,Watching bagani on the p2p and theyre making a hiphop version of bahay kubo i didnt know precolonials rapped,2018-07-04 12:44:41+00:00,6,0,
688,Hedgehog looked so sad after i out him back in his cage so i let him out for 10 more minutes,2018-06-29 17:40:34+00:00,7,0,
689,there's only one thing i need in life and its the fulfillment of all sdgs by 2030,2018-06-29 12:33:10+00:00,22,1,
690,steam sale got me spending my internship money even though i haven't received it yet,2018-06-28 13:41:46+00:00,7,0,
691,I have the best desk in the office,2018-06-28 09:01:20+00:00,4,0,
695,My mom and sister turned the hedgehog into a model pls rescue him,2018-06-23 06:55:30+00:00,17,1,
698,Tres Yap and the Goblet of Beer,2018-06-20 14:01:20+00:00,5,0,
701,Mind Palace more like Mind One-Bedroom Apartment amiryt,2018-06-20 11:45:40+00:00,5,0,
702,Im working in my internship then all of a sudden my steam notifies me that my dad is playing counter strike at 5 pm wtf,2018-06-18 09:17:02+00:00,12,1,
703,"Traffic is like death in a sense that it could happen anytime, you can't control it, and it makes you stop moving",2018-06-18 01:13:11+00:00,4,0,
704,Tfw incredibles 2 is a better superhero movie than justice league,2018-06-17 07:33:11+00:00,13,1,
705,I believe in protecting free speech and that is why i want to stop you from speaking,2018-06-16 04:40:05+00:00,4,1,
706,when it comes down to it i'm not really antisocial i'm just a pretty big asshole,2018-06-15 06:20:33+00:00,6,0,
707,Me when i sleep at 4 am then realize i forgot to do something for work,2018-06-14 11:09:18+00:00,17,0,
711,"""oh hey that wasn't so bad"" is my new catchphrase",2018-06-12 11:50:25+00:00,7,0,
712,time for a #FeelGoodFriday,2018-06-08 11:11:54+00:00,3,0,#FeelGoodFriday
713,If titanic was so great why was there no titanic 2,2018-06-07 08:59:46+00:00,5,0,
714,I miss u so much CODE table it feels good to be reunited,2018-06-07 05:10:16+00:00,13,0,
717,"Im not good at this ""hanging out with people"" thing",2018-06-04 12:00:47+00:00,14,0,
718,"Honestly lets be real honne is 50% ""damn this is so groovy"" and 50% ""i cant understand a word theyre saying""",2018-06-04 11:56:02+00:00,6,0,
719,At this point we're all just rooting for just LBJ because we feel bad for him,2018-06-01 12:04:57+00:00,10,0,
721,who the fuck needs git the best version control is sending your code file by file per version to yourself in fbc,2018-05-31 16:40:36+00:00,3,0,
722,I thought this was a popular opinion but after reading a couple of tweets i just want to say that ADOBO IS NOT OVERRATED WTF ITS SUCH A DIVERSE DISH NO TWO PEOPLE MAKE IT THE SAME WAY,2018-05-31 12:35:28+00:00,11,0,
723,Im gonna be a fortnite streamer one day fuck the h8ers,2018-05-30 12:04:00+00:00,3,0,
724,every developer needs to be familiar with the most basic git commands such as git add git commit git push git gud,2018-05-29 13:26:31+00:00,14,1,
725,To all the people who tell me my hair is fine and I dont need to cut it god bless u becuz ur the reason why i get up in the morning,2018-05-29 00:42:15+00:00,8,0,
729,"""There is no such thing as bending or breaking. It's a question only of overcoming, which begins with overcoming oneself."" - Franz Kafka",2018-05-22 19:02:23+00:00,7,1,
730,We should send boxes of pepsi to the senate everyday,2018-05-22 11:52:18+00:00,24,6,
732,Just watch me play it on my fortnite stream,2018-05-19 08:26:43+00:00,5,0,
733,"""this whole thing is a circle...but not a real circle, more like a freaky circle."" - korg",2018-05-19 07:30:03+00:00,9,0,
734,Oh my god is this wakanda,2018-05-19 07:21:38+00:00,7,0,
735,The best way to spend my first day after ending the sem is to go to school,2018-05-19 06:41:33+00:00,9,0,
742,wow i finished my cs project with minimal breaking down i'd like to thank my subscribers for keeping me going,2018-05-15 14:55:37+00:00,11,0,
744,I'd like to thank luigi alcaneses for donating 50$for on tonight's stream! I will be doing a v-bucks giveaway at 8:30 pm so make sure to stay tuned!,2018-05-15 11:43:16+00:00,7,0,
746,Lets play spot the fatty,2018-05-13 19:13:56+00:00,6,0,
747,finals week is the perfect timing to have an e x i s t e n t i a l c r i s i s,2018-05-12 15:29:55+00:00,12,0,
748,at least i know i'll never be haunted by ghosts because in horror movies the victims are always rich and successful people,2018-05-12 14:23:37+00:00,3,0,
749,WE DID IT,2018-05-12 07:09:07+00:00,6,0,
750,My sisters hedgehog pretending to be me in the morning,2018-05-11 14:05:39+00:00,4,0,
751,The real question is why do i gotta make things so hard for myself,2018-05-11 12:42:49+00:00,5,0,
752,Tomorrows problems are tomorrows problems,2018-05-10 16:10:56+00:00,3,0,
753,Hey my dudes catch me on my fortnite stream in 5 minutes,2018-05-10 15:25:18+00:00,5,0,
754,college is swallowing your own pride and admitting that you need a pomodoro timer because you're complete shit at time management,2018-05-09 17:01:43+00:00,7,0,
755,just do what u do best and make jokes until u dont remember ur problems,2018-05-09 15:18:54+00:00,7,0,
758,"Feelsgood to hear one of your favorite profs say your orals was ""very good""",2018-05-08 06:16:57+00:00,8,0,
760,oh god pls dont let me defend categorical imperative tomorrow,2018-05-07 17:00:29+00:00,4,0,
761,Groot is a constant reminder that someone will always be more successful than me just for saying the same 3 words for an entire movie,2018-05-07 11:56:46+00:00,17,0,
762,unique salonga actually left iv of spades because he's a guest on my fortnite stream today,2018-05-06 14:25:15+00:00,5,0,
763,shoutout to albdog for a sick donation of 20 dollars 5 more dollars and we hit our goal to buy the special emote,2018-05-06 14:19:32+00:00,4,0,
764,hey whats up everyone welcome to my fortnite stream don't forget to subscribe if you haven't already my dudes,2018-05-06 13:43:13+00:00,11,0,
765,"""______ is simply a product of Modernity and falls in the same pitfalls of Western Philosophy"" Can be used for anything",2018-05-06 04:41:22+00:00,4,0,
768,This fuckers going on a field trip around my house,2018-05-04 13:45:15+00:00,6,0,
769,this heat's fucking horrible,2018-05-04 07:13:29+00:00,3,0,
772,Killmonger > Thanos pa rin,2018-04-29 11:46:17+00:00,10,1,
773,WTF WAS THAT,2018-04-29 09:34:35+00:00,15,0,
775,stupid crash course distracting me from learning computer science by learning about mythology and philosophy,2018-04-27 10:09:28+00:00,10,0,
776,"""This will not be part of the long test"" *is actually part of the long test*",2018-04-27 05:43:03+00:00,3,1,
777,"College life is stuffing everything into a drawstring bag, realizing it's too small to carry all your things, then putting the drawstring bag inside your backpack.",2018-04-24 23:38:24+00:00,7,0,
778,whatever i'll do i'm gonna make sure that i'm the goddamn best at it,2018-04-24 14:50:11+00:00,20,1,
779,i have so much shit to do but here i am trying to get my sister's hedgehog to like me,2018-04-23 15:16:22+00:00,11,0,
781,school is so stupid,2018-04-22 13:06:15+00:00,7,0,
782,spring anime's coming around i haven't even started on the winter anime,2018-04-22 12:46:44+00:00,5,0,
785,Aw man aprils almost over that means i have to stop shitting on shigatsu and go back to sao soon,2018-04-21 04:16:51+00:00,3,0,
786,I'm usually not a picky person but if WW3 breaks out and a nuke hits makati I just hope that I get vaporized instantly because I dont wanna fuck around with 5 arms and a giant tail,2018-04-20 03:55:10+00:00,3,0,
790,when kant writes with normal people words he's actually pretty smart,2018-04-18 14:19:10+00:00,5,0,
794,minsan talaga i just want to beat up myself from 6 years ago for being such a cringy nerd,2018-04-15 06:58:32+00:00,4,0,
795,Replaced my backpack with a drawstring bag here i thought i have completely given up when i started wearing joggers,2018-04-14 09:30:54+00:00,9,0,
796,This is genuinely wholesome and made me feel happy tysm kuya grab,2018-04-14 08:59:51+00:00,14,0,
797,"The interviewer asked me what I do in my free time I almost replied ""huh whats free time""",2018-04-13 07:36:50+00:00,11,0,
799,Dad got into whiskey because of me and this is a tactical decision because whiskey is expensive and now i have someone who will buy bottles that i can share from,2018-04-12 14:49:59+00:00,9,0,
800,DONE NA WOTH THE WEEK DIDNT SELF DESTRUCT TYG,2018-04-12 14:40:45+00:00,3,0,
801,Theres a very specific and humiliating language pala when u talk about anime,2018-04-12 13:26:47+00:00,3,0,
802,my god this day sucked ass,2018-04-11 12:59:40+00:00,3,0,
803,Plot twist: zuckerberg is not actually an alien but is secretly satan,2018-04-11 05:49:26+00:00,5,0,
807,honestly i've been used to disappointing myself ever since i was 10 when i found out that real-life ninjas can't actually teleport,2018-04-09 10:36:10+00:00,4,0,
808,fuck i actually can't,2018-04-09 07:08:33+00:00,4,0,
810,"""The 6 Box Model is a model that uses 6 boxes""",2018-04-08 16:01:04+00:00,19,2,
811,As of yesterday i am now 4 people's bitch,2018-04-08 13:50:47+00:00,8,0,
813,"dropped my scissors in the toilet and at this point it is appropriate for one to ask: 1) how did i drop it, and 2) why did i carry my scissors into the bathroom in the first place",2018-04-06 12:03:06+00:00,18,0,
817,Yo fuck i just saw a ghost gdi dead people are so scary,2018-04-05 09:49:20+00:00,4,0,
819,heres a cool lifehack do u feel like ur not making any progress with your code make a checklist of things you need to accomplish in steps while u still arent doing anything ur also technically doing something,2018-04-04 16:36:17+00:00,3,0,
820,how the hell do u not fall asleep after school everyday,2018-04-04 15:16:20+00:00,5,0,
821,Fuck i miss the simpler times when seeing 69% remaining on my battery still made me smile,2018-04-04 08:39:23+00:00,4,0,
822,I Am Clutch,2018-04-04 08:25:40+00:00,3,0,
823,being the piece of shit that i am of course i'm not gonna do my work even if i said i will,2018-04-03 13:48:12+00:00,3,0,
824,I feel so dead But not as dead as kaori eyyy happy april everyone,2018-04-03 10:05:18+00:00,9,4,
826,Does anime count as induction ball date,2018-04-01 14:01:19+00:00,9,1,
827,Yall are laughing about how Philo is full of bola but wait til you go to your first company interview you'll find yourself making more shit up,2018-04-01 13:42:29+00:00,4,0,
829,"for better or for worse i'm so happy that ""I'm devilman"" sounds just as stupid in Crybaby",2018-04-01 11:28:13+00:00,3,0,
830,Devilman Crybaby animation: was it a stylistic decision or did they run out of budget,2018-04-01 05:42:00+00:00,3,0,
831,i'm back from my exile my life actually got 100x worse 5 minutes after using fb and twitter again,2018-03-31 17:59:24+00:00,10,1,
832,I love delaying events because of excruciating physical pain,2018-03-24 13:13:16+00:00,5,0,
833,NEVER AGAIN HAHAHAHAHAHAHA,2018-03-24 08:38:01+00:00,9,0,
835,The last person who called me smart was steve from blues clues after every episode,2018-03-22 23:33:59+00:00,5,0,
838,"Is ""cynical asshole"" a charming and endearing trait yet",2018-03-21 02:41:59+00:00,3,0,
839,Lol i hope accenture doesnt notice my blindingly white rubber shoes becausr i dont have any black shoes,2018-03-20 22:29:08+00:00,3,0,
840,ok ive given up hello tres the alcoholic welcome back i did not miss u,2018-03-20 12:18:01+00:00,12,0,
841,Sometimes it hits me so hard talaga that i still have a lot to learn,2018-03-20 06:46:35+00:00,4,0,
842,Can we be the ones to rally to show our solidarity with Piston lol people cant tell us to stop rallying and go to class if there are no classes,2018-03-20 05:47:26+00:00,4,1,
844,fuk this is insufferable,2018-03-18 15:18:35+00:00,3,0,
845,Im already having a hard time scheduling things on my own now i gotta code process scheduling for a computer fml,2018-03-18 03:58:52+00:00,6,0,
847,alat who would've thought my dad was right enough to think that i'm so lonely that a fish could keep my company HAHAHAHAHA,2018-03-17 14:36:52+00:00,5,0,
849,Infinity War is just a russian roulette of which hero do we wanna kill first,2018-03-17 09:29:16+00:00,8,0,
852,but at the same time ur gonna be missed Maguro i know u did ur best to win the hearts of non-existent females i hope i made ur life much happier than when u were stuck in the glass vase lol,2018-03-14 11:30:49+00:00,5,0,
855,my fish is probably living his last few moments of his life and pretty soon we're gonna go our separate ways,2018-03-14 11:22:34+00:00,11,0,
861,Rule of thumb for making an apology posts: if more paragraphs are spent defending yourself than actually apologizing then its probably not a genuine apology post,2018-03-12 03:56:59+00:00,27,3,
863,the same cockroach has been sitting in the corner of my cr for an entire night don't think i don't see you asshole,2018-03-11 12:35:59+00:00,6,0,
864,how the hell am i enjoying god's plan,2018-03-11 12:14:49+00:00,3,0,
865,the fun part about philo is telling everyone who disagrees with u that u have a different linguistic interpretation of a philosopher and then proceed to sit in your ivory tower while reading another philosopher's biography,2018-03-08 15:05:55+00:00,8,0,
866,Was talking with my uber driver and he called me a nice and respectful guy Hehe if only he knew,2018-03-08 10:49:17+00:00,11,0,
868,Call me Ryu cuz im juggling all these requirements like a fucking champ,2018-03-08 05:37:23+00:00,4,0,
869,wow tres you look so cool with your nerg set and glaive lets have you catch wigglers for an hour,2018-03-03 08:12:09+00:00,7,0,
870,ps4 how much i've missed u,2018-03-02 12:46:26+00:00,3,0,
872,modernity sucks,2018-02-28 11:37:19+00:00,3,0,
876,TRES YAP REINTEGRATION TO SOCIETY PROJECT PHASE 1 IS A GO,2018-02-26 10:59:10+00:00,4,0,
877,I thought coffee was designed to keep me awake and not make me pass out for 3 hours,2018-02-26 08:45:41+00:00,5,0,
878,I spent 3 months building up a work ethic that is both balanced and efficient but it only took 2 weeks of mh world to remove all my progress HAHAHAHAHA,2018-02-25 05:38:24+00:00,3,0,
880,Making my fish exercise by pretending to feed him so he chases nothing lol,2018-02-25 03:44:54+00:00,4,0,
881,cockroach invaded my bed the war starts now,2018-02-23 14:55:19+00:00,6,0,
885,willing to take masters to spend more time in school to spend more time playing videogames,2018-02-20 13:00:32+00:00,18,0,
887,> Gives all the readings online because he wants to go paperless > Doesn't allow us to use our laptops during class but we need to have our readings present at all times therefore not actually paperless,2018-02-19 15:55:51+00:00,13,0,
888,Fuck i want to watch black panther again,2018-02-19 02:11:59+00:00,8,0,
891,The soundtrack was FUCKING FIRE,2018-02-17 15:17:19+00:00,3,0,
892,that aside though HOLY SHIT BLACK PANTHER IS ONE OF THE BEST MCU MOVIES EVER MADE,2018-02-17 15:09:15+00:00,9,0,
893,Good to know we're still doing something right HAHAHAHAHAHA,2018-02-17 11:25:38+00:00,9,0,
896,Overwatch continuing to prove to me that it owns my life,2018-02-10 10:48:13+00:00,5,0,
897,Its hard to be positive especially when ur the one that fucked up,2018-02-09 12:50:05+00:00,4,0,
899,For all its plotholes and cringey moments i still cant help but smile after watching The Greatest Showman a second time.,2018-02-08 13:04:13+00:00,4,0,
901,tres yap learns to take care of his physical health whether he likes it or not,2018-02-07 12:46:57+00:00,14,0,
903,My gf looks really pretty in purple,2018-02-06 13:48:30+00:00,9,0,
904,Descartes doing some quick maths,2018-02-06 05:36:03+00:00,10,0,
905,ok descartes round 2 lets go,2018-02-05 15:39:18+00:00,4,0,
906,Holy shit its me and the cockroaches in the cr,2018-02-05 06:07:05+00:00,3,0,
907,SM Jazz has no jazz 0/10,2018-02-04 13:46:35+00:00,7,0,
908,tres yap is back and out for blood,2018-02-03 11:53:29+00:00,7,0,
910,idk what i did to deserve such an amazing mentee HAHAHAHA,2018-02-01 15:32:47+00:00,6,0,
911,This is a warning to all the cockroaches trying to invade my home,2018-02-01 13:42:38+00:00,10,0,
913,Finally my suffering is over,2018-01-31 13:44:04+00:00,20,1,
914,its been a while since i shat on shigatsu,2018-01-31 12:01:53+00:00,3,0,
915,time to read descartes' third meditation in other words the part he should not have made a meditation on because it just makes the rest of UMD look really bad,2018-01-30 17:16:45+00:00,3,0,
916,"they don't need rebisco, rebisco where have you been, rebisco, rebsico take me back rebisco, rebisco",2018-01-30 15:33:22+00:00,3,0,
917,"*while making powerpoint on OG* Me: ""Fuck even I won't listen to this lecture its so boring""",2018-01-29 14:54:18+00:00,3,0,
918,"""win condition"" is my new favorite term",2018-01-29 14:33:39+00:00,5,2,
919,"""I'm going home early so I can rest and recover"" tangina tres so why are you making a ppt on first speaking",2018-01-29 11:01:53+00:00,4,0,
920,Black Mirror ep 1 made me hungry for lechon,2018-01-29 04:19:06+00:00,10,0,
923,It didnt occur to me that there were puppies when jesus was born,2018-01-28 06:51:35+00:00,4,0,
925,Not used to the saturday class life,2018-01-26 23:17:27+00:00,4,0,
926,IV of Spades are so awkward and laid back they are my new spirit animals,2018-01-25 13:44:14+00:00,4,0,
927,Are you telling me that I finished 2 requirements and it's not even 1 am?????,2018-01-24 14:44:24+00:00,5,0,
928,"all i wanted was for people to comment on the memes i share, and the one time it finally happens it's on a fucking backyardigans discussion",2018-01-24 14:31:20+00:00,10,0,
929,fuck i actually read my reading start to finish all i had to do was tell myself to do it positivity is so wonderful,2018-01-24 13:59:00+00:00,8,0,
930,If you thought that The Force Awakens copied too many elements from A New Hope then wait until you see how much the New Testament ripped off its prequel,2018-01-24 13:11:32+00:00,9,0,
931,I WAS OUTSIDE STARBUCKS WHEN I SAW THE P2P OTW TO UPTC I AM NOW RIDING A TRIKE AND RACING TO GET THERE IN TIME,2018-01-23 09:14:45+00:00,10,0,
932,Youd think that after millennia of being eaten by us chickens would get tired of our shit and evolve a way to not get eaten,2018-01-19 09:09:38+00:00,4,0,
936,PULL OUT PULL OUT,2018-01-17 12:39:33+00:00,4,0,
937,Just another day of sun,2018-01-16 23:30:47+00:00,7,0,
938,2018 na it's time for me to stop using my massive inferiority complex as a crutch that decides everything I do,2018-01-16 12:36:14+00:00,16,1,
940,"To this day, when I coach or do CODE work, I always promise myself that I will never be like Henry, or make anyone go through the shit that I did. So fuck you Henry.",2018-01-16 02:43:40+00:00,6,0,
941,"For sure he taught me almost everything I knew in debate, but at the same time he's the reason why I have so many problems with self-confidence and trusting people.",2018-01-16 02:30:48+00:00,7,1,
942,"He'd always tell me he's on my side. Really though, the more and more I think about it, the more I realize that all he's ever made me do was help him in his own bullshit shenanigans, especially against students he didn't like.",2018-01-16 02:21:46+00:00,5,1,
943,"He took the entire org hostage just because he didn't want me to become captain. I don't hate the one who did become captain. But still, it was only last year when I realized that it was unfair for me to convince myself that I couldn't be a captain or a leader.",2018-01-16 02:16:02+00:00,7,1,
944,Life is always giving me moments of self-discovery like for example i stopped myself from drinking too much because i told myself hey tres stop drinking tas putangina i stopped nga galing ko fuck,2018-01-15 10:27:41+00:00,10,0,
945,Fuck school hasnt started but im tapping out na,2018-01-08 22:24:16+00:00,7,1,
946,https://www.youtube.com/watch?v=vzAaBs8WHe8 B I G M E A T Y C L A W S,2018-01-08 14:13:45+00:00,3,0,
947,BIG MEATY CLAWS,2018-01-08 11:07:46+00:00,5,1,
948,... i mean HOORAY HES STILL ALIVE,2018-01-04 16:37:56+00:00,3,0,
951,School wtf theres still 2 weeks before the break ends stop stressin me out and wait ur turn,2018-01-04 00:12:27+00:00,6,0,
954,Theyre both national heroes why u gotta fight,2018-01-02 14:41:00+00:00,4,0,
958,This year I'm going to be an even bigger asshole than I was last year I can't wait,2018-01-02 05:11:21+00:00,10,2,
964,Jan 5-6 ah,2018-01-01 12:24:09+00:00,3,0,
